{
  "name" : "moveLegFront",
  "speedRate" : 1.42,
  "interpolator" : "linear",
  "steps" : [
    {
      "neckYaw" : 0.0,
      "neckPitch" : 0.0,
      "leftShoulderPitch" : 0.872639,
      "leftShoulderYaw" : 0.0,
      "leftArmRoll" : 0.0,
      "leftArmYaw" : 0.0,
      "leftHipYawpitch" : 0.0,
      "leftHipRoll" : 0.209433,
      "leftHipPitch" : 0.698111,
      "leftKneePitch" : 2.617917,
      "leftFootPitch" : 0.872639,
      "leftFootRoll" : -0.209433,
      "rightShoulderPitch" : 0.872639,
      "rightShoulderYaw" : 0.0,
      "rightArmRoll" : 0.0,
      "rightArmYaw" : 0.0,
      "rightHipYawpitch" : -0.872639,
      "rightHipRoll" : 0.209433,
      "rightHipPitch" : 0.0,
      "rightKneePitch" : 0.0,
      "rightFootPitch" : 0.0,
      "rightFootRoll" : -0.209433,
      "delta" : 0.278273
    },
    {
      "neckYaw" : 0.0,
      "neckPitch" : 0.0,
      "leftShoulderPitch" : 2.094333,
      "leftShoulderYaw" : 0.0,
      "leftArmRoll" : 0.0,
      "leftArmYaw" : 0.0,
      "leftHipYawpitch" : 0.0,
      "leftHipRoll" : 0.209433,
      "leftHipPitch" : -1.57075,
      "leftKneePitch" : 0.0,
      "leftFootPitch" : 0.174528,
      "leftFootRoll" : -0.209433,
      "rightShoulderPitch" : 2.094333,
      "rightShoulderYaw" : 0.0,
      "rightArmRoll" : 0.0,
      "rightArmYaw" : 0.0,
      "rightHipYawpitch" : 0.0,
      "rightHipRoll" : 0.209433,
      "rightHipPitch" : 0.174528,
      "rightKneePitch" : 0.523583,
      "rightFootPitch" : 0.174528,
      "rightFootRoll" : -0.209433,
      "delta" : 0.0939893
    },
    {
      "neckYaw" : 0.0,
      "neckPitch" : 0.0,
      "leftShoulderPitch" : 2.617917,
      "leftShoulderYaw" : 0.0,
      "leftArmRoll" : 0.0,
      "leftArmYaw" : 0.0,
      "leftHipYawpitch" : 0.698111,
      "leftHipRoll" : 0.209433,
      "leftHipPitch" : -1.57075,
      "leftKneePitch" : 0.0,
      "leftFootPitch" : -0.698111,
      "leftFootRoll" : -0.209433,
      "rightShoulderPitch" : 2.617917,
      "rightShoulderYaw" : 0.0,
      "rightArmRoll" : 0.0,
      "rightArmYaw" : 0.0,
      "rightHipYawpitch" : 0.0,
      "rightHipRoll" : 0.209433,
      "rightHipPitch" : 0.523583,
      "rightKneePitch" : 1.047167,
      "rightFootPitch" : 0.523583,
      "rightFootRoll" : -0.209433,
      "delta" : 0.0221054
    },
    {
      "neckYaw" : 0.0,
      "neckPitch" : 0.0,
      "leftShoulderPitch" : 2.617917,
      "leftShoulderYaw" : 0.0,
      "leftArmRoll" : 0.0,
      "leftArmYaw" : 0.0,
      "leftHipYawpitch" : 0.698111,
      "leftHipRoll" : 0.209433,
      "leftHipPitch" : -1.57075,
      "leftKneePitch" : 0.0,
      "leftFootPitch" : -0.698111,
      "leftFootRoll" : -0.209433,
      "rightShoulderPitch" : 2.617917,
      "rightShoulderYaw" : 0.0,
      "rightArmRoll" : 0.0,
      "rightArmYaw" : 0.0,
      "rightHipYawpitch" : 0.0,
      "rightHipRoll" : 0.209433,
      "rightHipPitch" : 0.523583,
      "rightKneePitch" : 1.047167,
      "rightFootPitch" : 0.523583,
      "rightFootRoll" : -0.209433,
      "delta" : 0.498944
    }
  ]
}