{
  "name" : "moveLegBack",
  "speedRate" : 8,
  "interpolator" : "spline",
  "steps" : [
    {
      "neckYaw" : 0.0,
      "neckPitch" : 0.0,
      "leftShoulderPitch" : 0.872639,
      "leftShoulderYaw" : 0.0,
      "leftArmRoll" : 0.0,
      "leftArmYaw" : 0.0,
      "leftHipYawpitch" : 0.0,
      "leftHipRoll" : 0.209433,
      "leftHipPitch" : -0.496357,
      "leftKneePitch" : 3.251976,
      "leftFootPitch" : -1.57075,
      "leftFootRoll" : -0.209433,
      "rightShoulderPitch" : 0.872639,
      "rightShoulderYaw" : 0.0,
      "rightArmRoll" : 0.0,
      "rightArmYaw" : 0.0,
      "rightHipYawpitch" : 0.0,
      "rightHipRoll" : 0.209433,
      "rightHipPitch" : -0.496357,
      "rightKneePitch" : 0.808587,
      "rightFootPitch" : -0.541036,
      "rightFootRoll" : -0.209433,
      "delta" : 0.711322
    },
    {
      "neckYaw" : 0.0,
      "neckPitch" : 0.0,
      "leftShoulderPitch" : 0.872639,
      "leftShoulderYaw" : 0.0,
      "leftArmRoll" : 0.0,
      "leftArmYaw" : 0.0,
      "leftHipYawpitch" : 0.0,
      "leftHipRoll" : 0.209433,
      "leftHipPitch" : 0.698111,
      "leftKneePitch" : 2.617917,
      "leftFootPitch" : 0.872639,
      "leftFootRoll" : -0.209433,
      "rightShoulderPitch" : 0.872639,
      "rightShoulderYaw" : 0.0,
      "rightArmRoll" : 0.0,
      "rightArmYaw" : 0.0,
      "rightHipYawpitch" : -0.872639,
      "rightHipRoll" : 0.209433,
      "rightHipPitch" : 0.0,
      "rightKneePitch" : 0.0,
      "rightFootPitch" : 0.0,
      "rightFootRoll" : -0.209433,
      "delta" : 0.909772
    },
    {
      "neckYaw" : 0.0,
      "neckPitch" : 0.0,
      "leftShoulderPitch" : 0.872639,
      "leftShoulderYaw" : 0.0,
      "leftArmRoll" : 0.0,
      "leftArmYaw" : 0.0,
      "leftHipYawpitch" : 0.0,
      "leftHipRoll" : 0.209433,
      "leftHipPitch" : 0.698111,
      "leftKneePitch" : 2.617917,
      "leftFootPitch" : 0.872639,
      "leftFootRoll" : -0.209433,
      "rightShoulderPitch" : 0.872639,
      "rightShoulderYaw" : 0.0,
      "rightArmRoll" : 0.0,
      "rightArmYaw" : 0.0,
      "rightHipYawpitch" : -0.872639,
      "rightHipRoll" : 0.209433,
      "rightHipPitch" : 0.0,
      "rightKneePitch" : 0.0,
      "rightFootPitch" : 0.0,
      "rightFootRoll" : -0.209433,
      "delta" : 0.278273
    }
  ]
}