{
  "name" : "prepFrontKickFast",
  "speedRate" : 1.02668,
  "interpolator" : "linear",
  "steps" : [
    {
      "neckYaw" : 0.0,
      "neckPitch" : 0.0,
      "leftShoulderPitch" : 1.5708,
      "leftShoulderYaw" : 0.349066,
      "leftArmRoll" : -1.5708,
      "leftArmYaw" : 0.0,
      "leftHipYawpitch" : 0.0,
      "leftHipRoll" : -0.0302938,
      "leftHipPitch" : -0.476224,
      "leftKneePitch" : 1.39449,
      "leftFootPitch" : -0.918264,
      "leftFootRoll" : 0.0302938,
      "rightShoulderPitch" : 1.5708,
      "rightShoulderYaw" : -0.349066,
      "rightArmRoll" : 1.5708,
      "rightArmYaw" : 0.0,
      "rightHipYawpitch" : 0.0,
      "rightHipRoll" : 0.0302938,
      "rightHipPitch" : -0.476224,
      "rightKneePitch" : 1.39449,
      "rightFootPitch" : -0.918264,
      "rightFootRoll" : -0.0302938,
      "delta" : 0.5
    },
    {
      "neckYaw" : 0.0,
      "neckPitch" : 0.0,
      "leftShoulderPitch" : 1.57075,
      "leftShoulderYaw" : 0.0,
      "leftArmRoll" : 0.0,
      "leftArmYaw" : 0.0,
      "leftHipYawpitch" : 0.0,
      "leftHipRoll" : 0.0,
      "leftHipPitch" : 0.0,
      "leftKneePitch" : 0.0,
      "leftFootPitch" : 0.0,
      "leftFootRoll" : 0.0,
      "rightShoulderPitch" : 1.57075,
      "rightShoulderYaw" : 0.0,
      "rightArmRoll" : 0.0,
      "rightArmYaw" : 0.0,
      "rightHipYawpitch" : 0.0,
      "rightHipRoll" : 0.0,
      "rightHipPitch" : 0.0,
      "rightKneePitch" : 0.0,
      "rightFootPitch" : 0.0,
      "rightFootRoll" : 0.0,
      "delta" : 0
    },
    {
      "neckYaw" : 0.0,
      "neckPitch" : 0.0,
      "leftShoulderPitch" : 1.57075,
      "leftShoulderYaw" : 0.0,
      "leftArmRoll" : 0.0,
      "leftArmYaw" : 0.0,
      "leftHipYawpitch" : 0.0,
      "leftHipRoll" : 0.209433,
      "leftHipPitch" : 0.0,
      "leftKneePitch" : 0.0,
      "leftFootPitch" : 0.0,
      "leftFootRoll" : -0.209433,
      "rightShoulderPitch" : 1.57075,
      "rightShoulderYaw" : 0.0,
      "rightArmRoll" : 0.0,
      "rightArmYaw" : 0.0,
      "rightHipYawpitch" : 0.0,
      "rightHipRoll" : 0.209433,
      "rightHipPitch" : 0.0,
      "rightKneePitch" : 0.0,
      "rightFootPitch" : 0.0,
      "rightFootRoll" : -0.209433,
      "delta" : 0.0296
    },
    {
      "neckYaw" : 0.0,
      "neckPitch" : 0.0,
      "leftShoulderPitch" : 0.872639,
      "leftShoulderYaw" : 0.0,
      "leftArmRoll" : 0.0,
      "leftArmYaw" : 0.0,
      "leftHipYawpitch" : 0.0,
      "leftHipRoll" : 0.209433,
      "leftHipPitch" : -0.496357,
      "leftKneePitch" : 3.251976,
      "leftFootPitch" : -1.57075,
      "leftFootRoll" : -0.209433,
      "rightShoulderPitch" : 0.872639,
      "rightShoulderYaw" : 0.0,
      "rightArmRoll" : 0.0,
      "rightArmYaw" : 0.0,
      "rightHipYawpitch" : 0.0,
      "rightHipRoll" : 0.209433,
      "rightHipPitch" : -0.496357,
      "rightKneePitch" : 0.808587,
      "rightFootPitch" : -0.541036,
      "rightFootRoll" : -0.209433,
      "delta" : 0.0047
    }
  ]
}